url,gtm_detected,consent_mode,gtm_events,third_party_trackers,third_party_domains_count,third_party_domains_list,trackerdb_patterns_count,trackerdb_data_source,status,google_urls_count,analysis_time,timestamp,raw_urls
http://dvd-angel.net/,False,False,not_applicable,not_applicable,0,not_applicable,3426,github_releases,success,0,24.434924125671387,2025-08-08T22:58:48.138836,[]
http://gs25.gsretail.com/,True,True,"gtm.js, gtm.dom","Google, Google APIs, Google Fonts, Google Marketing Platform, Instagram, jsDelivr",9,"cdn.jsdelivr.net, fastly.jsdelivr.net, fonts.googleapis.com, i.ytimg.com, region1.analytics.google.com, scontent-gmp1-1.cdninstagram.com, stats.g.doubleclick.net, www.google.co.uk, www.googleapis.com",3426,github_releases,success,6,31.918536901474,2025-08-08T22:59:20.057660,"[""https://www.googletagmanager.com/gtm.js?id=GTM-T7WXNHS"", ""https://www.googletagmanager.com/gtag/js?id=G-CHSRECZ6BZ&cx=c&gtm=45He5861h1v9101284529za200&tag_exp=101509157~103116026~103200004~103233427~104684208~104684211~105033763~105033765~105103161~105103163~105135708~105135710~105231383~105231385"", ""https://region1.analytics.google.com/g/collect?v=2&tid=G-CHSRECZ6BZ&gtm=45je5861h1v9101290213z89101284529za200zb9101284529zd9101284529&_p=1754693933020&_gaz=1&gcd=13l3l3l3l1l1&npa=0&dma=0&tag_exp=101509157~103116026~103200004~103233427~104527907~104528501~104684208~104684211~104948813~105033766~105033768~105103161~105103163~105135708~105135710&cid=495716717.1754693945&ul=en-us&sr=1280x720&frm=0&pscdl=noapi&_s=1&sid=1754693944&sct=1&seg=0&dl=http%3A%2F%2Fgs25.gsretail.com%2Fgscvs%2Fko%2Fmain&dt=GS25%20Site%20%7C%20Homepage&en=page_view&_fv=1&_nsi=1&_ss=1&tfd=16510"", ""https://stats.g.doubleclick.net/g/collect?v=2&tid=G-CHSRECZ6BZ&cid=495716717.1754693945&gtm=45je5861h1v9101290213z89101284529za200zb9101284529zd9101284529&aip=1&dma=0&gcd=13l3l3l3l1l1&npa=0&frm=0&tag_exp=101509157~103116026~103200004~103233427~104527907~104528501~104684208~104684211~104948813~105033766~105033768~105103161~105103163~105135708~105135710"", ""https://www.google.co.uk/ads/ga-audiences?v=1&t=sr&slf_rd=1&_r=4&tid=G-CHSRECZ6BZ&cid=495716717.1754693945&gtm=45je5861h1v9101290213z89101284529za200zb9101284529zd9101284529&aip=1&dma=0&gcd=13l3l3l3l1l1&npa=0&frm=0&tag_exp=101509157~103116026~103200004~103233427~104527907~104528501~104684208~104684211~104948813~105033766~105033768~105103161~105103163~105135708~105135710&tag_exp=101509157~103116026~103200004~103233427~104527907~104528501~104684208~104684211~104948813~105033766~105033768~105103161~105103163~105135708~105135710&z=896214646"", ""https://www.googleapis.com/youtube/v3/playlistItems?part=snippet&playlistId=UUl0HemfAt7dShJRf59_cuGQ&maxResults=10&key=AIzaSyCaptlnn51O7dILFMNDg_TwUdlpNVAbjkg&callback=jQuery111203122869412080307_1754693944404&_=1754693944405""]"
http://khalijmusic5.com/,False,False,not_applicable,not_applicable,0,not_applicable,3426,github_releases,success,2,65.57827711105347,2025-08-08T23:00:25.636557,"[""http://fonts.googleapis.com/css?family=Oswald"", ""https://fonts.googleapis.com/css?family=Roboto:100,100i,300,300i,400,400i,500,500i,700,700i,900,900i&display=swap""]"
http://kinoteatr.megamag.by/,False,False,not_applicable,not_applicable,0,not_applicable,3426,github_releases,success,4,35.88518142700195,2025-08-08T23:01:01.524629,"[""http://translate.google.com/translate_a/element.js?cb=googleTranslateElementInit"", ""https://translate.googleapis.com/_/translate_http/_/js/k=translate_http.tr.en_GB.kFuntBNlDk8.O/am=AAAE/d=1/exm=el_conf/ed=1/rs=AN8SPfrSJjfp62Kv9F50Xew-J26HVjzd7Q/m=el_main"", ""https://www.google.com/images/cleardot.gif"", ""https://translate.googleapis.com/element/log?format=json&hasfast=true&authuser=0""]"
http://komineshop.shop21.makeshop.jp/,True,True,"gtm.scrollDepth, gtm.dom","Akamai Technologies, Google APIs, Google Analytics, Google Fonts, Google Static, jQuery",7,"ajax.googleapis.com, code.jquery.com, fonts.googleapis.com, fonts.gstatic.com, makeshop-multi-images.akamaized.net, region1.google-analytics.com, www.google-analytics.com",3426,github_releases,success,10,30.338584899902344,2025-08-08T23:01:31.864673,"[""https://www.googletagmanager.com/gtag/js?id=G-E77NFHQ6FZ"", ""https://www.googletagmanager.com/gtag/js?id=UA-90800526-1"", ""https://ajax.googleapis.com/ajax/libs/jquery/2.2.0/jquery.min.js"", ""https://www.googletagmanager.com/gtag/js?id=G-WMTYB7761B&cx=c&gtm=457e5870h2za200&tag_exp=101509157~102015666~103116026~103200004~103233427~104684208~104684211~105033766~105033768~105103161~105103163~105135708~105135710"", ""https://www.googletagmanager.com/gtag/js?id=G-E77NFHQ6FZ&cx=c&gtm=457e5870h2za200&tag_exp=101509157~102015666~103116026~103200004~103233427~104684208~104684211~105033766~105033768~105103161~105103163~105135708~105135710"", ""https://www.google-analytics.com/analytics.js"", ""https://region1.google-analytics.com/g/collect?v=2&tid=G-E77NFHQ6FZ&gtm=45je5861v9124319221za200&_p=1754694065873&gcd=13l3l3l3l1l1&npa=0&dma=0&tag_exp=101509157~103116026~103200004~103233427~104527906~104528501~104684208~104684211~104948813~105033763~105033765~105103161~105103163~105135708~105135710&cid=953436860.1754694068&ul=en-us&sr=1280x720&frm=0&pscdl=noapi&_s=1&sid=1754694067&sct=1&seg=0&dl=http%3A%2F%2Fkomineshop.shop21.makeshop.jp%2F&dt=KOMINE%20Online%20Store%20%7C&en=page_view&_fv=1&_nsi=1&_ss=1&_ee=1&tfd=6174"", ""https://region1.google-analytics.com/g/collect?v=2&tid=G-WMTYB7761B&gtm=45je5870h2v882317791za200&_p=1754694065873&gcd=13l3l3l3l1l1&npa=0&dma=0&tag_exp=101509157~103116026~103200004~103233427~104527906~104528501~104684208~104684211~104948813~105033763~105033765~105103161~105103163~105113532~105135708~105135710~105231383~105231385&cid=953436860.1754694068&ul=en-us&sr=1280x720&frm=0&pscdl=noapi&_eu=AAAI&_s=1&sid=1754694067&sct=1&seg=0&dl=http%3A%2F%2Fkomineshop.shop21.makeshop.jp%2F&dt=KOMINE%20Online%20Store%20%7C&en=page_view&_fv=1&_ss=1&tfd=6306"", ""https://region1.google-analytics.com/g/collect?v=2&tid=G-E77NFHQ6FZ&gtm=45je5861v9124319221za200&_p=1754694065873&gcd=13l3l3l3l1l1&npa=0&dma=0&tag_exp=101509157~103116026~103200004~103233427~104527906~104528501~104684208~104684211~104948813~105033763~105033765~105103161~105103163~105135708~105135710&cid=953436860.1754694068&ul=en-us&sr=1280x720&frm=0&pscdl=noapi&_eu=AEAAAAQ&_s=2&sid=1754694067&sct=1&seg=0&dl=http%3A%2F%2Fkomineshop.shop21.makeshop.jp%2F&dt=KOMINE%20Online%20Store%20%7C&en=scroll&epn.percent_scrolled=90&tfd=11191"", ""https://region1.google-analytics.com/g/collect?v=2&tid=G-WMTYB7761B&gtm=45je5870h2v882317791za200&_p=1754694065873&gcd=13l3l3l3l1l1&npa=0&dma=0&tag_exp=101509157~103116026~103200004~103233427~104527906~104528501~104684208~104684211~104948813~105033763~105033765~105103161~105103163~105113532~105135708~105135710~105231383~105231385&cid=953436860.1754694068&ul=en-us&sr=1280x720&frm=0&pscdl=noapi&_eu=AEAIAAQ&_s=2&sid=1754694067&sct=1&seg=0&dl=http%3A%2F%2Fkomineshop.shop21.makeshop.jp%2F&dt=KOMINE%20Online%20Store%20%7C&en=scroll&epn.percent_scrolled=90&tfd=11342""]"
http://krolestwotytoniu.pl/,True,True,"gtm.js, gtm.dom, gtm.load","Facebook, Facebook CDN, Google Analytics, Google Fonts, Google Static",7,"fonts.googleapis.com, fonts.gstatic.com, region1.google-analytics.com, scontent.xx.fbcdn.net, static.xx.fbcdn.net, www.facebook.com, www.google-analytics.com",3426,github_releases,success,5,48.70600652694702,2025-08-08T23:02:20.570885,"[""http://fonts.googleapis.com/css?family=Open+Sans:400,600,300&subset=latin-ext"", ""http://www.google-analytics.com/analytics.js"", ""https://www.google-analytics.com/j/collect?v=1&_v=j102&a=393772331&t=pageview&_s=1&dl=http%3A%2F%2Fkrolestwotytoniu.pl%2F&ul=en-us&dt=Sklep%20tytoniowy%20%3A%20cygara%2C%20fajki%2C%20gilzy%2C%20tyto%C5%84%20fajkowy%20oraz%20tyto%C5%84%20papierosowy%20-%20Kr%C3%B3lestwo%20Tytoniu&sr=1280x720&vp=1280x720&_u=IEBAAAABAAAAAC~&jid=1415143126&gjid=1540480305&cid=705164086.1754694095&tid=UA-43389228-1&_gid=686817945.1754694095&_r=1&_slc=1&z=132119418"", ""https://www.googletagmanager.com/gtag/js?id=G-JN7XHXVM0E&cx=c&_slc=1"", ""https://region1.google-analytics.com/g/collect?v=2&tid=G-JN7XHXVM0E&gtm=45je5861v9111666274za200&_p=1754694095157&gcd=13l3l3l3l2l1&npa=0&dma=0&tag_exp=101509157~103116026~103200004~103233427~104573694~104684208~104684211~105033766~105033768~105103161~105103163~105135708~105135710&ul=en-us&sr=1280x720&cid=705164086.1754694095&ir=1&frm=0&pscdl=noapi&_eu=EBAI&_s=1&dl=http%3A%2F%2Fkrolestwotytoniu.pl%2F&dt=Sklep%20tytoniowy%20%3A%20cygara%2C%20fajki%2C%20gilzy%2C%20tyto%C5%84%20fajkowy%20oraz%20tyto%C5%84%20papierosowy%20-%20Kr%C3%B3lestwo%20Tytoniu&sid=1754694095&sct=1&seg=0&_tu=wAQ&en=page_view&_fv=1&_ss=1&_ee=1&tfd=3593""]"
http://kruhlyk.com.ua/,False,False,not_applicable,not_applicable,0,not_applicable,3426,github_releases,success,2,33.75442862510681,2025-08-08T23:02:54.326185,"[""http://fonts.googleapis.com/css?family=Cinzel:400,700&subset=latin,latin-ext,cyrillic,cyrillic-ext"", ""http://fonts.googleapis.com/css?family=Quattrocento+Sans:400,400italic,700,700italic&subset=latin,latin-ext,cyrillic,cyrillic-ext""]"
http://lk.stu.lipetsk.ru/,False,False,not_applicable,not_applicable,0,not_applicable,3426,github_releases,success,0,54.06846475601196,2025-08-08T23:03:48.396578,[]
http://newagro.by/,True,True,"gtm.js, gtm-ee-event, gtm.dom, gtm.click","Facebook, Google, Google Analytics, Google Marketing Platform, Mail.Ru Banner Network, Mail.Ru Group, X Corp., Yandex Metrika",11,"ad.mail.ru, connect.facebook.net, mc.yandex.com, mc.yandex.ru, privacy-cs.mail.ru, region1.analytics.google.com, stats.g.doubleclick.net, top-fwz1.mail.ru, www.facebook.com, www.google-analytics.com, www.google.co.uk",3426,github_releases,success,17,22.088860034942627,2025-08-08T23:04:10.487388,"[""http://newagro.by/bitrix/css/concept.tagmanager/animate.min.css?153848797155263"", ""http://newagro.by/bitrix/css/concept.tagmanager/template_styles.css?153848797136215"", ""http://newagro.by/bitrix/css/concept.tagmanager/responsive.css?15384879715551"", ""https://www.googletagmanager.com/gtm.js?id=GTM-NMJKWW4"", ""https://www.google-analytics.com/analytics.js"", ""https://www.google-analytics.com/plugins/ua/ec.js"", ""https://www.google-analytics.com/j/collect?v=1&_v=j102&a=770295973&t=pageview&_s=1&dl=http%3A%2F%2Fnewagro.by%2F&ul=en-us&dt=%D0%9A%D1%83%D0%BF%D0%B8%D1%82%D1%8C%20%D1%81%D0%B5%D0%BC%D0%B5%D0%BD%D0%B0%20%D0%B2%20%D0%9F%D0%B8%D0%BD%D1%81%D0%BA%D0%B5%20%D0%B2%20%D0%B8%D0%BD%D1%82%D0%B5%D1%80%D0%BD%D0%B5%D1%82-%D0%BC%D0%B0%D0%B3%D0%B0%D0%B7%D0%B8%D0%BD%D0%B5%2C%20%D0%BF%D1%80%D0%BE%D0%B4%D0%B0%D0%B6%D0%B0%20%D1%81%D0%B5%D0%BC%D1%8F%D0%BD%20%D0%BE%D0%BF%D1%82%D0%BE%D0%BC%2C%20%D0%B4%D0%BE%D1%81%D1%82%D0%B0%D0%B2%D0%BA%D0%B0%20%D0%BF%D0%BE%D1%87%D1%82%D0%BE%D0%B9%20%D0%BF%D0%BE%20%D0%91%D0%B5%D0%BB%D0%B0%D1%80%D1%83%D1%81%D0%B8&sr=1280x720&vp=1280x720&_u=YEBAAEALAAAAACAAI~&jid=1532148166&gjid=1939960585&cid=1778739033.1754694235&tid=UA-71683589-1&_gid=357581808.1754694235&_r=1&_slc=1&gtm=45He5861n81NMJKWW4za200&gcd=13l3l3l3l1l1&dma=0&tag_exp=101509157~103116026~103200004~103233427~104527907~104528501~104684208~104684211~104948813~105033763~105033765~105091134~105103161~105103163~105135708~105135710&z=1907680494"", ""https://www.googletagmanager.com/gtag/js?id=G-L6W1E6Q3L5&cx=c&_slc=1"", ""https://region1.analytics.google.com/g/collect?v=2&tid=G-L6W1E6Q3L5&gtm=45je5861v9134486517za200&_p=1754694234772&_gaz=1&gcd=13l3l3l3l2l1&npa=0&dma=0&tag_exp=101509157~103116026~103200004~103233427~104684208~104684211~105033766~105033768~105103161~105103163~105135708~105135710&ul=en-us&sr=1280x720&cid=1778739033.1754694235&ir=1&frm=0&pscdl=noapi&_eu=EBAI&_s=1&dl=http%3A%2F%2Fnewagro.by%2F&dt=%D0%9A%D1%83%D0%BF%D0%B8%D1%82%D1%8C%20%D1%81%D0%B5%D0%BC%D0%B5%D0%BD%D0%B0%20%D0%B2%20%D0%9F%D0%B8%D0%BD%D1%81%D0%BA%D0%B5%20%D0%B2%20%D0%B8%D0%BD%D1%82%D0%B5%D1%80%D0%BD%D0%B5%D1%82-%D0%BC%D0%B0%D0%B3%D0%B0%D0%B7%D0%B8%D0%BD%D0%B5%2C%20%D0%BF%D1%80%D0%BE%D0%B4%D0%B0%D0%B6%D0%B0%20%D1%81%D0%B5%D0%BC%D1%8F%D0%BD%20%D0%BE%D0%BF%D1%82%D0%BE%D0%BC%2C%20%D0%B4%D0%BE%D1%81%D1%82%D0%B0%D0%B2%D0%BA%D0%B0%20%D0%BF%D0%BE%D1%87%D1%82%D0%BE%D0%B9%20%D0%BF%D0%BE%20%D0%91%D0%B5%D0%BB%D0%B0%D1%80%D1%83%D1%81%D0%B8&sid=1754694236&sct=1&seg=0&_tu=wAQ&en=page_view&_fv=1&_ss=1&_ee=1&tfd=7568"", ""https://stats.g.doubleclick.net/g/collect?v=2&tid=G-L6W1E6Q3L5&cid=1778739033.1754694235&gtm=45je5861v9134486517za200&aip=1&dma=0&gcd=13l3l3l3l2l1&npa=0&frm=0&tag_exp=101509157~103116026~103200004~103233427~104684208~104684211~105033766~105033768~105103161~105103163~105135708~105135710"", ""https://www.google.co.uk/ads/ga-audiences?v=1&t=sr&slf_rd=1&_r=4&tid=G-L6W1E6Q3L5&cid=1778739033.1754694235&gtm=45je5861v9134486517za200&aip=1&dma=0&gcd=13l3l3l3l2l1&npa=0&frm=0&tag_exp=101509157~103116026~103200004~103233427~104684208~104684211~105033766~105033768~105103161~105103163~105135708~105135710&tag_exp=101509157~103116026~103200004~103233427~104684208~104684211~105033766~105033768~105103161~105103163~105135708~105135710&z=1426824878"", ""https://www.facebook.com/tr/?id=2215558692107434&ev=PageView&dl=http%3A%2F%2Fnewagro.by%2F&rl=&if=false&ts=1754694237226&sw=1280&sh=720&v=2.9.223&r=stable&a=tmgoogletagmanager&ec=0&o=4126&fbp=fb.1.1754694237225.236444500292565514&ler=empty&cdl=API_unavailable&pmd[title]=%D0%9A%D1%83%D0%BF%D0%B8%D1%82%D1%8C%20%D1%81%D0%B5%D0%BC%D0%B5%D0%BD%D0%B0%20%D0%B2%20%D0%9F%D0%B8%D0%BD%D1%81%D0%BA%D0%B5%20%D0%B2%20%D0%B8%D0%BD%D1%82%D0%B5%D1%80%D0%BD%D0%B5%D1%82-%D0%BC%D0%B0%D0%B3%D0%B0%D0%B7%D0%B8%D0%BD%D0%B5%2C%20%D0%BF%D1%80%D0%BE%D0%B4%D0%B0%D0%B6%D0%B0%20%D1%81%D0%B5%D0%BC%D1%8F%D0%BD%20%D0%BE%D0%BF%D1%82%D0%BE%D0%BC%2C%20%D0%B4%D0%BE%D1%81%D1%82%D0%B0%D0%B2%D0%BA%D0%B0%20%D0%BF%D0%BE%D1%87%D1%82%D0%BE%D0%B9%20%D0%BF%D0%BE%20%D0%91%D0%B5%D0%BB%D0%B0%D1%80%D1%83%D1%81%D0%B8&plt=6471.699999999953&it=1754694236593&coo=false&exp=r1&rqm=GET"", ""https://www.facebook.com/tr/?id=2215558692107434&ev=ViewContent&dl=http%3A%2F%2Fnewagro.by%2F&rl=&if=false&ts=1754694237232&sw=1280&sh=720&v=2.9.223&r=stable&a=tmgoogletagmanager&ec=1&o=4126&fbp=fb.1.1754694237225.236444500292565514&ler=empty&cdl=API_unavailable&plt=6471.699999999953&it=1754694236593&coo=false&exp=r1&rqm=GET"", ""https://www.facebook.com/tr/?id=2215558692107434&ev=AddToCart&dl=http%3A%2F%2Fnewagro.by%2F&rl=&if=false&ts=1754694237234&sw=1280&sh=720&v=2.9.223&r=stable&a=tmgoogletagmanager&ec=2&o=4126&fbp=fb.1.1754694237225.236444500292565514&ler=empty&cdl=API_unavailable&plt=6471.699999999953&it=1754694236593&coo=false&exp=r1&rqm=GET"", ""https://www.facebook.com/tr/?id=2215558692107434&ev=InitiateCheckout&dl=http%3A%2F%2Fnewagro.by%2F&rl=&if=false&ts=1754694237236&sw=1280&sh=720&v=2.9.223&r=stable&a=tmgoogletagmanager&ec=3&o=4126&fbp=fb.1.1754694237225.236444500292565514&ler=empty&cdl=API_unavailable&plt=6471.699999999953&it=1754694236593&coo=false&exp=r1&rqm=GET"", ""https://www.facebook.com/tr/?id=2215558692107434&ev=Purchase&dl=http%3A%2F%2Fnewagro.by%2F&rl=&if=false&ts=1754694237238&sw=1280&sh=720&v=2.9.223&r=stable&a=tmgoogletagmanager&ec=4&o=4126&fbp=fb.1.1754694237225.236444500292565514&ler=empty&cdl=API_unavailable&plt=6471.699999999953&it=1754694236593&coo=false&exp=r1&rqm=GET"", ""https://region1.analytics.google.com/g/collect?v=2&tid=G-L6W1E6Q3L5&gtm=45je5861v9134486517za200&_p=1754694234772&gcd=13l3l3l3l2l1&npa=0&dma=0&tag_exp=101509157~103116026~103200004~103233427~104684208~104684211~105033766~105033768~105103161~105103163~105135708~105135710&ul=en-us&sr=1280x720&cid=1778739033.1754694235&ir=1&frm=0&pscdl=noapi&_eu=EBAIAAQ&dl=http%3A%2F%2Fnewagro.by%2F&dt=%D0%9A%D1%83%D0%BF%D0%B8%D1%82%D1%8C%20%D1%81%D0%B5%D0%BC%D0%B5%D0%BD%D0%B0%20%D0%B2%20%D0%9F%D0%B8%D0%BD%D1%81%D0%BA%D0%B5%20%D0%B2%20%D0%B8%D0%BD%D1%82%D0%B5%D1%80%D0%BD%D0%B5%D1%82-%D0%BC%D0%B0%D0%B3%D0%B0%D0%B7%D0%B8%D0%BD%D0%B5%2C%20%D0%BF%D1%80%D0%BE%D0%B4%D0%B0%D0%B6%D0%B0%20%D1%81%D0%B5%D0%BC%D1%8F%D0%BD%20%D0%BE%D0%BF%D1%82%D0%BE%D0%BC%2C%20%D0%B4%D0%BE%D1%81%D1%82%D0%B0%D0%B2%D0%BA%D0%B0%20%D0%BF%D0%BE%D1%87%D1%82%D0%BE%D0%B9%20%D0%BF%D0%BE%20%D0%91%D0%B5%D0%BB%D0%B0%D1%80%D1%83%D1%81%D0%B8&sid=1754694236&sct=1&seg=0&_tu=wAQ&_s=2&tfd=12617""]"
http://pierrot-store.com/,False,False,not_applicable,not_applicable,0,not_applicable,3426,github_releases,success,3,37.54125666618347,2025-08-08T23:04:48.028940,"[""https://ajax.googleapis.com/ajax/libs/jquery/3.7.1/jquery.min.js"", ""https://fonts.googleapis.com/earlyaccess/notosansjapanese.css"", ""https://fonts.googleapis.com/css?family=Roboto|Caveat""]"
http://rockstakk.shop-pro.jp/,False,False,not_applicable,not_applicable,0,not_applicable,3426,github_releases,timeout,0,95.88433647155762,2025-08-08T23:06:23.913704,[]
http://sedboyaca.gov.co/,False,False,not_applicable,not_applicable,0,not_applicable,3426,github_releases,success,0,23.941197633743286,2025-08-08T23:06:47.855802,[]
http://tacticamp.ua/,False,False,not_applicable,not_applicable,0,not_applicable,3426,github_releases,success,0,20.76823353767395,2025-08-08T23:07:08.624337,[]
http://tcbjeans.com/,False,False,not_applicable,not_applicable,0,not_applicable,3426,github_releases,timeout,0,96.10068964958191,2025-08-08T23:08:44.725279,[]
http://toys-mccoy.shop-pro.jp/,True,True,"gtm.dom, gtm.load","Google APIs, Google Analytics",2,"ajax.googleapis.com, region1.google-analytics.com",3426,github_releases,success,3,58.28741383552551,2025-08-08T23:09:43.017854,"[""http://ajax.googleapis.com/ajax/libs/jquery/1.7.2/jquery.min.js"", ""https://www.googletagmanager.com/gtag/js?id=G-L12DNTVR0D"", ""https://region1.google-analytics.com/g/collect?v=2&tid=G-L12DNTVR0D&gtm=45je5861v872259507za200zd872259507&_p=1754694566020&gcd=13l3l3l3l1l1&npa=0&dma=0&tag_exp=101509157~103116026~103200004~103233427~104527906~104528500~104684208~104684211~104948813~105033763~105033765~105102051~105103161~105103163~105113532~105135708~105135710&cid=886257832.1754694566&ul=en-us&sr=1280x720&frm=0&pscdl=noapi&_s=1&sid=1754694566&sct=1&seg=0&dl=http%3A%2F%2Ftoys-mccoy.shop-pro.jp%2F&dt=TOYS%20McCOY%20ONLINE%20STORE&en=page_view&_fv=1&_nsi=1&_ss=1&_ee=1&tfd=41347""]"
http://troutisland.shop-pro.jp/,False,False,not_applicable,not_applicable,0,not_applicable,3426,github_releases,timeout,0,94.1902105808258,2025-08-08T23:11:17.208860,[]
http://www.autosaccidentadoslobato.com/,False,False,not_applicable,not_applicable,0,not_applicable,3426,github_releases,success,2,28.04085874557495,2025-08-08T23:11:45.257136,"[""http://www.google-analytics.com/ga.js"", ""http://www.google-analytics.com/r/__utm.gif?utmwv=5.7.2&utms=1&utmn=1083775819&utmhn=www.autosaccidentadoslobato.com&utmcs=UTF-8&utmsr=1280x720&utmvp=1280x720&utmsc=24-bit&utmul=en-us&utmje=0&utmfl=-&utmdt=Autos%20accidentados%20chocados%20venta%20compra%20siniestrados%20-%20autos%20accidentados%20lobato&utmhid=1237060990&utmr=-&utmp=%2F&utmht=1754694690168&utmac=UA-27411351-1&utmcc=__utma%3D95490828.2050131467.1754694690.1754694690.1754694690.1%3B%2B__utmz%3D95490828.1754694690.1.1.utmcsr%3D(direct)%7Cutmccn%3D(direct)%7Cutmcmd%3D(none)%3B&utmjid=751384622&utmredir=1&utmu=qAAAAAAAAAAAAAAAAAAAAAAE~""]"
http://www.beautyshop168.com/,False,False,not_applicable,not_applicable,0,not_applicable,3426,github_releases,success,0,22.789445877075195,2025-08-08T23:12:08.047947,[]
http://www.deadsexyclips.com/,False,False,not_applicable,not_applicable,0,not_applicable,3426,github_releases,success,0,20.973711729049683,2025-08-08T23:12:29.022066,[]
http://www.from-sen.com/,False,False,not_applicable,not_applicable,0,not_applicable,3426,github_releases,success,0,25.006500720977783,2025-08-08T23:12:54.028822,[]
http://www.gunsanamma.com/,False,False,not_applicable,not_applicable,0,not_applicable,3426,github_releases,success,1,30.417043685913086,2025-08-08T23:13:24.451403,"[""https://fonts.googleapis.com/css?family=Nunito+Sans%3A200%2C200italic%2C300%2C300italic%2Cregular%2Citalic%2C600%2C600italic%2C700%2C700italic%2C800%2C800italic%2C900%2C900italic%7CEB+Garamond%3Aregular%2Citalic%2C500%2C500italic%2C600%2C600italic%2C700%2C700italic%2C800%2C800italic%7CEB+Garamond%3Aregular""]"
http://www.harmonia91.hu/,True,True,gtm.dom,"Google Analytics, Google Fonts, Google Static",3,"fonts.googleapis.com, fonts.gstatic.com, region1.google-analytics.com",3426,github_releases,success,5,22.03341245651245,2025-08-08T23:13:46.488991,"[""https://fonts.googleapis.com/css2?family=Roboto+Condensed:wght@300;400;700&display=swap&subset=latin-ext"", ""https://www.googletagmanager.com/gtag/js?id=G-3S1JBNSMEY"", ""https://cluster3.unas.hu/shop_google_login.php?url=http%3A%2F%2Fwww.harmonia91.hu&text=Bel%C3%A9p%C3%A9s+Google+fi%C3%B3kkal&type=&align=center&design=%2Fbase%2F001707%2F"", ""https://region1.google-analytics.com/g/collect?v=2&tid=G-3S1JBNSMEY&gtm=45je5861v9101841099za200zd9101841099&_p=1754694805113&gcs=G100&gcd=13q3q3q3q5l1&npa=1&dma_cps=-&dma=0&tag_exp=101509157~103116026~103200004~103233427~104527906~104528500~104684208~104684211~104948813~105033766~105033768~105103161~105103163~105113532~105135708~105135710&cid=1722530886.1754694812&ul=en-us&sr=1280x720&frm=0&pscdl=denied&_s=1&sid=1754694811&sct=1&seg=0&dl=http%3A%2F%2Fwww.harmonia91.hu%2F&dt=Harmonia91.hu%20-%20Minden%20ami%20vad%C3%A1szati%20vad%C3%A1szfelszerel%C3%A9s%2C%20c%C3%A9lt&en=page_view&_fv=1&_nsi=1&_ss=1&_ee=1&tfd=7173"", ""https://region1.google-analytics.com/g/collect?v=2&tid=G-3S1JBNSMEY&gtm=45je5861v9101841099za200zd9101841099&_p=1754694805113&gcs=G100&gcd=13q3q3q3q5l1&npa=1&dma_cps=-&dma=0&tag_exp=101509157~103116026~103200004~103233427~104527906~104528500~104684208~104684211~104948813~105033766~105033768~105103161~105103163~105113532~105135708~105135710&cid=1722530886.1754694812&ul=en-us&sr=1280x720&frm=0&pscdl=denied&_s=2&sid=1754694811&sct=1&seg=0&dl=http%3A%2F%2Fwww.harmonia91.hu%2F&dt=Harmonia91.hu%20-%20Minden%20ami%20vad%C3%A1szati%20vad%C3%A1szfelszerel%C3%A9s%2C%20c%C3%A9lt&en=remarketing&_ee=1&ep.ecomm_pagetype=home&tfd=12185""]"
http://www.mmlgold.com/,False,False,not_applicable,not_applicable,0,not_applicable,3426,github_releases,success,1,25.27685809135437,2025-08-08T23:14:11.767004,"[""https://fonts.googleapis.com/css?family=Roboto:300,400,600,700|Kanit:300,400,600,700|Material+Icons&display=swap""]"
http://www.msmobile.rs/,True,True,"gtm.dom, gtm.load","Cloudflare, Google Analytics, Google Fonts, Google Static",5,"cdnjs.cloudflare.com, fonts.googleapis.com, fonts.gstatic.com, region1.google-analytics.com, www.google-analytics.com",3426,github_releases,success,5,24.03806781768799,2025-08-08T23:14:35.807834,"[""https://fonts.googleapis.com/css?family=Open+Sans:400,700"", ""https://www.googletagmanager.com/gtag/js?id=UA-139886643-1"", ""https://www.googletagmanager.com/gtag/js?id=G-0DXX82DCPH&cx=c&gtm=457e5861za200&tag_exp=101509157~103116026~103200004~103233427~104684208~104684211~105033766~105033768~105103161~105103163~105135708~105135710~105231380~105231382"", ""https://www.google-analytics.com/analytics.js"", ""https://region1.google-analytics.com/g/collect?v=2&tid=G-0DXX82DCPH&gtm=45je5861v9124691295za200&_p=1754694852276&gcd=13l3l3l3l1l1&npa=0&dma=0&tag_exp=101509157~102015666~103116026~103200004~103233427~104527907~104528501~104684208~104684211~104948813~105033763~105033765~105103161~105103163~105135708~105135710&cid=1726630340.1754694855&ul=en-us&sr=1280x720&ir=1&frm=0&pscdl=noapi&_eu=EAAI&_s=1&sid=1754694854&sct=1&seg=0&dl=http%3A%2F%2Fwww.msmobile.rs%2F&dt=MS%20Mobile&en=page_view&_fv=1&_ss=1&tfd=3001""]"
http://www.mzp.pl/,False,False,not_applicable,not_applicable,0,not_applicable,3426,github_releases,success,1,17.106302499771118,2025-08-08T23:14:52.915143,"[""http://fonts.googleapis.com/css?family=Open+Sans:400italic,700italic,700,400&subset=latin,latin-ext""]"
