Event_Name,Frequency,Percentage
gtm.dom,2833,18.15%
gtm.load,2632,16.87%
gtm.js,2106,13.5%
gtm.click,1051,6.74%
gtm.scrollDepth,622,3.99%
OneTrustLoaded,274,1.76%
OptanonLoaded,274,1.76%
OneTrustGroupsUpdated,272,1.74%
view_item_list,249,1.6%
gtm.historyChange-v2,197,1.26%
gtm.triggerGroup,190,1.22%
gtm.timer,171,1.1%
view_promotion,116,0.74%
pageView,108,0.69%
homeView,106,0.68%
cookie_consent_update,106,0.68%
gtm.linkClick,105,0.67%
gtm.elementVisibility,96,0.62%
gtm.historyChange,89,0.57%
productImpression,78,0.5%
dl_user_data,77,0.49%
consent_status,73,0.47%
cookie_consent_preferences,73,0.47%
cookie_consent_statistics,73,0.47%
cookie_consent_marketing,73,0.47%
page_view,66,0.42%
promoView,49,0.31%
pageview,47,0.3%
view_item,44,0.28%
trackOptanonEvent,40,0.26%
Pandectes_Consent_Update,40,0.26%
gtm.pageError,35,0.22%
datalayer_ready,34,0.22%
fireRemarketingTag,31,0.2%
default_consent,28,0.18%
nextroll-ready,26,0.17%
none,26,0.17%
didomi-consent,25,0.16%
didomi-ready,25,0.16%
productImpressions,21,0.13%
cmpEvent,20,0.13%
cmpEventLoadedLayerOpen,20,0.13%
cmpEventLoadFinished,20,0.13%
productDetail,20,0.13%
sh_info,20,0.13%
didomi-cookies-consent,19,0.12%
select_item,19,0.12%
productClick,19,0.12%
axeptio_update,19,0.12%
productView,17,0.11%
cf_consent_necessary,16,0.1%
cf_consent_advertising,16,0.1%
cf_consent_performance,16,0.1%
cf_consent_functional,16,0.1%
cf_after_consent_update,16,0.1%
cf_init,16,0.1%
cf_layer_ready,16,0.1%
didomi-consent-changed,15,0.1%
home,15,0.1%
impression,14,0.09%
promotionView,14,0.09%
cookie_cat_necessary,14,0.09%
cookie_cat_functional,14,0.09%
cookie_cat_statistic,14,0.09%
cookie_cat_marketing,14,0.09%
cookie_cat_unclassified,14,0.09%
gtm.video,13,0.08%
crto_homepage,13,0.08%
departmentView,12,0.08%
view_home,12,0.08%
performance_timing,11,0.07%
gtm4wp.reading.articleLoaded,11,0.07%
gtm4wp.reading.startReading,11,0.07%
pandectes-rules.min.js,11,0.07%
bvsc.reel.impression,11,0.07%
performance,11,0.07%
cmplz_event_functional,10,0.06%
wSetup,10,0.06%
INSIDER,10,0.06%
impressions,10,0.06%
CookieScriptCategory-targeting,10,0.06%
CookieScriptCategory-functionality,10,0.06%
CookieScriptCategory-strict,10,0.06%
mpCustomerSession,10,0.06%
afterLoad,10,0.06%
logState,10,0.06%
siteDetails,9,0.06%
cloud-header-branch-io-ready,9,0.06%
bloomreach,9,0.06%
promotionClick,9,0.06%
page_view_stape,9,0.06%
CookieScriptCategory-unclassified,9,0.06%
CookieScriptCategory-performance,9,0.06%
dl_intelligems_script_loaded,9,0.06%
UserConsentChangeNotification.PerformanceEnabled,8,0.05%
UserConsentChangeNotification.TargetingEnabled,8,0.05%
UserConsentChangeNotification.OnSiteTargetingEnabled,8,0.05%
ee-productImpression,8,0.05%
init_consent,8,0.05%
Begin DataLayer,8,0.05%
DataLayer Loaded,8,0.05%
iubenda_consent_given_purpose_1,8,0.05%
iubenda_consent_given_purpose_3,8,0.05%
iubenda_consent_given_purpose_4,8,0.05%
iubenda_consent_given_purpose_5,8,0.05%
__sm__view_homepage,8,0.05%
userData,8,0.05%
user_data,8,0.05%
ga4Event,8,0.05%
reset_common_model,8,0.05%
view_product_list,8,0.05%
cmplz_event_statistics,7,0.04%
cmplz_event_marketing,7,0.04%
cmplz_event_preferences,7,0.04%
user variables,7,0.04%
searchResults,7,0.04%
GTM.SDK.Impression.Tracking,7,0.04%
select_promotion,7,0.04%
gtm.datalayer,7,0.04%
consentUpdate,7,0.04%
axeptio_update_consent,7,0.04%
homepage,7,0.04%
UserConsentChangeNotification.FunctionalEnabled,6,0.04%
ketchGeoip,6,0.04%
ketchJurisdiction,6,0.04%
gtm.user,6,0.04%
trigger-load-thirdparty,6,0.04%
PageView,6,0.04%
covetPicsEvent,6,0.04%
functionality,6,0.04%
dataLayer-initialized,6,0.04%
coreWebVitals,6,0.04%
sqzl_customer_audiences,6,0.04%
vwo-data-push-ga4,6,0.04%
ipEvent,6,0.04%
experience_impression,6,0.04%
optimizely_decision,6,0.04%
sqzl_PersonalizationView,6,0.04%
contextData,6,0.04%
sc_pv,5,0.03%
Consent Changed,5,0.03%
GDPR Pref Allows 0,5,0.03%
GAevent,5,0.03%
pageViewVirtual,5,0.03%
web-vitals,5,0.03%
GA4generic,5,0.03%
GA4EC_PromotionView,5,0.03%
general,5,0.03%
Log State,5,0.03%
Homepage,5,0.03%
gtm4wp.formElementEnter,5,0.03%
gtm4wp.formElementLeave,5,0.03%
gtm4wp.reading.contentBottom,5,0.03%
varify,5,0.03%
experiment_viewed,5,0.03%
targeting,5,0.03%
uaEvent,5,0.03%
iubenda_consent_given_purpose_2,5,0.03%
ketchPermitChanged,5,0.03%
switchbitPermitChanged,5,0.03%
virtualPageview,5,0.03%
promotionImpression,5,0.03%
DY Variation Impression,5,0.03%
consentChoice,5,0.03%
cookie_consent_default,5,0.03%
td.init,5,0.03%
deviceData,5,0.03%
cartData,5,0.03%
ajaxComplete,5,0.03%
userPrefUpdate,4,0.03%
virtual_pageview,4,0.03%
eec.promoView,4,0.03%
consent_updated,4,0.03%
button_click,4,0.03%
GA4event,4,0.03%
optimize.activate,4,0.03%
luigisbox,4,0.03%
UttLoaded,4,0.03%
IdentifyInvoked,4,0.03%
gtm4wp.reading.readerType,4,0.03%
gtm4wp.reading.pagebottom,4,0.03%
cookiehub_ready,4,0.03%
cookiehub_necessary,4,0.03%
cookiehub_consent_update,4,0.03%
rr_bot_validation,4,0.03%
fw_storyblock_impression,4,0.03%
eec.productImpressions,4,0.03%
iubenda_consent_given,4,0.03%
page_viewed,4,0.03%
virtualPageView,4,0.03%
midway.load,4,0.03%
internalSiteSearchView,4,0.03%
promotionsView,4,0.03%
dl_view_item,4,0.03%
dynamicRemarketing,4,0.03%
view_category,4,0.03%
tray.updateGTM,4,0.03%
customPageView,4,0.03%
remarketingTriggered,4,0.03%
data,4,0.03%
VWO,4,0.03%
glassix,4,0.03%
facebookEvent,4,0.03%
axeptio_disable_facebook_pixel,4,0.03%
axeptio_disable_google_analytics,4,0.03%
axeptio_activate_google_analytics,4,0.03%
axeptio_enable_google_analytics,4,0.03%
axeptio_activate_google_ads,4,0.03%
axeptio_enable_google_ads,4,0.03%
axeptio_activate_Google_Ads,4,0.03%
axeptio_enable_Google_Ads,4,0.03%
preset,4,0.03%
product_out_of_stock,4,0.03%
first_pageload,4,0.03%
initialization_delayed,4,0.03%
page_view_delayed,4,0.03%
first_time_visitor,4,0.03%
begin_datalayer,4,0.03%
search,3,0.02%
web_vitals,3,0.02%
global,3,0.02%
PrivacyToolsPreferencesUpdated,3,0.02%
nextroll-consent-modified,3,0.02%
visualPillsImpression,3,0.02%
consentTracking,3,0.02%
consent_update,3,0.02%
Interaction,3,0.02%
entaice_home,3,0.02%
on_clientiditc,3,0.02%
ga4.trackEvent,3,0.02%
otherView,3,0.02%
gtm.custom.ecommerce,3,0.02%
fireVersaTag,3,0.02%
Insider Event Detail,3,0.02%
HomeView,3,0.02%
Landing,3,0.02%
ab_test,3,0.02%
nonIdle,3,0.02%
cookiehub_uncategorized,3,0.02%
bvsc.item.click,3,0.02%
bvsc.item.hover,3,0.02%
figpii-id-push-ga4,3,0.02%
strict],3,0.02%
basic_dl_info,3,0.02%
others,3,0.02%
Loaded a Page,3,0.02%
ee-promoImpression,3,0.02%
fprint,3,0.02%
rrid_response,3,0.02%
enriched_page_view,3,0.02%
generic,3,0.02%
cookie allow advertising,3,0.02%
cookie allow performance,3,0.02%
cookie allow analytics,3,0.02%
load.brand.specific.container,3,0.02%
clear.datalayer.properties,3,0.02%
load.user.property.data,3,0.02%
gtm.brand.init.data,3,0.02%
save.navigation.property.current.url,3,0.02%
delete.current.session.utms,3,0.02%
native.front.abtest.init,3,0.02%
view_footer,3,0.02%
load.page.classification,3,0.02%
pageview.10s.delay,3,0.02%
dataLayer-loaded,3,0.02%
gaEvent,3,0.02%
bvLoaded,3,0.02%
BlueConic,3,0.02%
is_pwa_use,3,0.02%
monetateEnabled,3,0.02%
dynrmktparamsready,3,0.02%
page_load,3,0.02%
useractioncomplete,3,0.02%
cookie_prefs_set,3,0.02%
pageload,3,0.02%
bly_view_item_list,3,0.02%
tealASPollDLE,3,0.02%
Membercard,3,0.02%
mappint_libReady,3,0.02%
mappint_libAndExtensionsReady,3,0.02%
pageDetails,3,0.02%
set_user_properties,3,0.02%
init,3,0.02%
gtm.init_consent,3,0.02%
UniquePageView,3,0.02%
categoryView,3,0.02%
crto_listingpage,3,0.02%
pageLoaded,3,0.02%
iubenda_gtm_consent_event,3,0.02%
virtual_page_view,3,0.02%
axeptio_disable_youtube,3,0.02%
axeptio_disable_tiktok,3,0.02%
axeptio_disable_Youtube,3,0.02%
axeptio_disable_TikTok,3,0.02%
axeptio_activate_facebook_pixel,3,0.02%
axeptio_enable_facebook_pixel,3,0.02%
axeptio_activate_criteo,3,0.02%
axeptio_enable_criteo,3,0.02%
axeptio_activate_pinterest,3,0.02%
axeptio_enable_pinterest,3,0.02%
axeptio_activate_Criteo,3,0.02%
axeptio_enable_Criteo,3,0.02%
bloomreachCategory,3,0.02%
consentUpdated,3,0.02%
ora.load,3,0.02%
init_global_variable,3,0.02%
init_global_marketing_variable,3,0.02%
trytagging_user_data,3,0.02%
convert-trigger-experiment-1004161331,3,0.02%
CookieScriptConsentUpdated[targeting,3,0.02%
strict,3,0.02%
unclassified],3,0.02%
stg.start,3,0.02%
fireRemarketingTag_home,3,0.02%
CookieScriptConsentUpdated[strict,3,0.02%
unclassified,3,0.02%
Scala Event - Perfomance Timing,3,0.02%
axeptio_disable_Bing,3,0.02%
axeptio_disable_double_click,3,0.02%
axeptio_disable_Google_Ads,3,0.02%
axeptio_disable_hotjar,3,0.02%
axeptio_disable_bing,3,0.02%
axeptio_disable_Double_Click,3,0.02%
axeptio_disable_google_ads,3,0.02%
ab-test,3,0.02%
push_session_id,3,0.02%
PageLoad,3,0.02%
gtm-ee-event,3,0.02%
Main tags launched,3,0.02%
CookieScriptGoogleConsentUpdated,3,0.02%
eec.promotionView,3,0.02%
Termly.consentSaveDone,2,0.01%
detail,2,0.01%
at_impression,2,0.01%
product_list_impression,2,0.01%
page_view_custom,2,0.01%
optimizely_decision_web,2,0.01%
product.display,2,0.01%
page.display,2,0.01%
self_promotion.impression,2,0.01%
ga4_ids_captured,2,0.01%
meta,2,0.01%
optimize_view,2,0.01%
gaCookiePush,2,0.01%
pdp_visitCookiePush,2,0.01%
eec_impression,2,0.01%
setClientID,2,0.01%
userLoggedOut,2,0.01%
new_customer,2,0.01%
view_collection_stape,2,0.01%
fireRemarketingTag_other,2,0.01%
promotion view,2,0.01%
authentication,2,0.01%
scroll_depth,2,0.01%
data_medallia,2,0.01%
page_loaded,2,0.01%
Lift Coverage Pagina,2,0.01%
Lift Coverage Tags,2,0.01%
appconsent_loaded,2,0.01%
consentGTMcheck,2,0.01%
ABTShieldEvent,2,0.01%
DY Event,2,0.01%
cq_category,2,0.01%
load,2,0.01%
custom_click_event,2,0.01%
figpii-data-push-ga4,2,0.01%
CookieScriptConsentUpdated[unclassified,2,0.01%
GA4customEvent,2,0.01%
eventTracking,2,0.01%
consentChanged,2,0.01%
szb-plugin-imported,2,0.01%
spideraf.pv.score.block,2,0.01%
capture_ua,2,0.01%
page_view_internal,2,0.01%
pg_scroll_depth,2,0.01%
sdst_slider,2,0.01%
email signup,2,0.01%
GA4sessionCartTotal,2,0.01%
tunnelDiagnostic,2,0.01%
elysiumEvent,2,0.01%
ecom_event,2,0.01%
efilli.consent,2,0.01%
efilli_essential_granted,2,0.01%
site_action,2,0.01%
NamogooGroup,2,0.01%
scroll-milestone,2,0.01%
recommendations-loaded,2,0.01%
show,2,0.01%
push.native.ask,2,0.01%
optimizely_event,2,0.01%
widgetViewNonInteractive,2,0.01%
promoViewNonInteractive,2,0.01%
OptanonReady,2,0.01%
fbPageView,2,0.01%
promo_impression,2,0.01%
Grid page impressions,2,0.01%
All page impressions,2,0.01%
Google_Consent : update,2,0.01%
CCM,2,0.01%
add_to_cart,2,0.01%
addToCart,2,0.01%
customer_session,2,0.01%
CnvtrixEvent,2,0.01%
dataLayer_ready,2,0.01%
page_meta,2,0.01%
deco,2,0.01%
DYEvent,2,0.01%
datalayer-initialized,2,0.01%
product-impression,2,0.01%
showImpressionsUpdate,2,0.01%
session_fingerprint,2,0.01%
view_content,2,0.01%
promo_view,2,0.01%
trackContentGroup,2,0.01%
filtros,2,0.01%
multiMsgLoad,2,0.01%
recommendation,2,0.01%
multiMsgView,2,0.01%
cloud_retail,2,0.01%
pageLoad,2,0.01%
dataLayerReady,2,0.01%
virtual_page,2,0.01%
PageviewVirtual,2,0.01%
timestampStart,2,0.01%
ScrollEvent,2,0.01%
homePage,2,0.01%
allPage,2,0.01%
cmsIndexIndexPage,2,0.01%
video,2,0.01%
ScrollDistance,2,0.01%
dcm.source,2,0.01%
ga4-ablyft-viewed-experiment,2,0.01%
nextroll-consent,2,0.01%
consent_cookie_refresh,2,0.01%
fraud0,2,0.01%
f0_event_invalid_traffic,2,0.01%
ee_view_item_list,2,0.01%
loadStandardData,2,0.01%
axeptio_disable_google_conversion_tracking,2,0.01%
axeptio_disable_facebook_conversion_tracking,2,0.01%
axeptio_disable_Google_Conversion_Tracking,2,0.01%
axeptio_disable_Facebook Conversion Tracking,2,0.01%
axeptio_activate_google_remarketing,2,0.01%
axeptio_enable_google_remarketing,2,0.01%
axeptio_activate_abtasty,2,0.01%
axeptio_enable_abtasty,2,0.01%
axeptio_activate_leboncoin,2,0.01%
axeptio_enable_leboncoin,2,0.01%
axeptio_activate_GoogleRemarketing,2,0.01%
axeptio_enable_GoogleRemarketing,2,0.01%
axeptio_activate_ABtasty,2,0.01%
axeptio_enable_ABtasty,2,0.01%
axeptio_activate_Leboncoin,2,0.01%
axeptio_enable_Leboncoin,2,0.01%
siteDataLoaded,2,0.01%
GDPR Pref Allows 1,2,0.01%
GDPR Pref Allows 2,2,0.01%
GDPR Pref Allows 3,2,0.01%
seoPillsImpression,2,0.01%
page.request,2,0.01%
axeptio_activate_microsoft,2,0.01%
axeptio_enable_microsoft,2,0.01%
gb_view_experiment,2,0.01%
url_push,2,0.01%
html5_video,2,0.01%
cookiehub_dialog,2,0.01%
cookiehub_preferences,2,0.01%
cookiehub_analytics,2,0.01%
cookiehub_marketing,2,0.01%
view_item_list_braindw,2,0.01%
cookieconsent,2,0.01%
common_click,2,0.01%
bre.cookie,2,0.01%
UniquePageViewR,2,0.01%
abTestVariantProd,2,0.01%
video_in_viewport,2,0.01%
select_content,2,0.01%
page_view_response,2,0.01%
timing_complete,2,0.01%
OrvisDataLayer,2,0.01%
stg.pageView,2,0.01%
stg.pageLoad,2,0.01%
stg.domReady,2,0.01%
stg.timer,2,0.01%
stg.capturingClick,2,0.01%
stg.click,2,0.01%
stg.scroll,2,0.01%
functionality],2,0.01%
ga4_view_item_list,2,0.01%
purchase,2,0.01%
Scala Event - Banners,2,0.01%
chatbotAuthEvent,2,0.01%
qf_standard_chatbot,2,0.01%
qf_chat_logging,2,0.01%
page_init,2,0.01%
pageload_id,2,0.01%
tagRocketConsoleError,2,0.01%
tagRocketWebVitalsPending,2,0.01%
tagRocketWebVitalsComplete,2,0.01%
tagRocketStencilUtils,2,0.01%
tagRocketConsentEstablished,2,0.01%
tagRocketGoogleAnalyticsFourItemPending,2,0.01%
tagRocketProductsVisible,2,0.01%
init_external_scripts,2,0.01%
experimental.entrou.experimento.webViewHomeNewVsOld.1,2,0.01%
home_banner_view,2,0.01%
gtm.consent,2,0.01%
GroupsUpdated,2,0.01%
core-pageview,2,0.01%
after-core-pageview,2,0.01%
promotion-impressions,2,0.01%
scroll-tracking,2,0.01%
Set general data,2,0.01%
Set facebook API conversion track data,2,0.01%
Set cart products,2,0.01%
googleConsentUpdate,2,0.01%
error,2,0.01%
eec.impressionView,2,0.01%
axeptio_disable_effinity,2,0.01%
axeptio_disable_actito,2,0.01%
axeptio_disable_sentry,2,0.01%
axeptio_disable_pinterest,2,0.01%
axeptio_disable_iadvize,2,0.01%
axeptio_disable_Actito,2,0.01%
axeptio_disable_Sentry,2,0.01%
GOC-1P-Signal-new,2,0.01%
save consent,2,0.01%
update consent,2,0.01%
wcc_gcm_consent_update,2,0.01%
scrollTracking,2,0.01%
page-view-GTM,2,0.01%
first-paint,1,0.01%
first-contentful-paint,1,0.01%
accepttwcookieconsent,1,0.01%
dataLayerLoaded,1,0.01%
pageViewExt,1,0.01%
product_cart_data_ready,1,0.01%
hero_banner_impression,1,0.01%
domready_for_reorder,1,0.01%
product_cart_data_ready_firing_reorder,1,0.01%
hero_banner_impression_firing_reorder,1,0.01%
custom.dataLayer_variable_cleaning,1,0.01%
at_visibility,1,0.01%
custom.proactive_message_impression,1,0.01%
gtmData,1,0.01%
testNewFooter,1,0.01%
newNaviTestBeforeMSS,1,0.01%
RTBCookieSplitEvent,1,0.01%
newsletterSubscriptionPageview,1,0.01%
trackPageView,1,0.01%
dataready,1,0.01%
page_load_information,1,0.01%
productDetails,1,0.01%
get_uuid,1,0.01%
custom,1,0.01%
customDataLayerPush,1,0.01%
ga_event_dmode,1,0.01%
minimal-user-interaction,1,0.01%
load_params,1,0.01%
Qualtrics,1,0.01%
defaultPageView,1,0.01%
visitorTrackingPreferences,1,0.01%
sendPromoBatch,1,0.01%
performanceTrackingOptin,1,0.01%
advTrackingOptin,1,0.01%
experienceId,1,0.01%
mt_loaded,1,0.01%
PageCount,1,0.01%
initial-meta,1,0.01%
ga_pageview,1,0.01%
cea:promotionImpressions,1,0.01%
ga4_event,1,0.01%
dsgl ni event,1,0.01%
vue mounted,1,0.01%
hero component view,1,0.01%
dsgl event,1,0.01%
resend dsgl ni event,1,0.01%
resend hero component view,1,0.01%
lightbox impression,1,0.01%
mx lightbox impression,1,0.01%
gtm.update_consent,1,0.01%
view_item_list_infra,1,0.01%
adconsentReady,1,0.01%
DD_XC_CSTM_EV_CHECK,1,0.01%
pageTrack,1,0.01%
encolar_evento,1,0.01%
queue_processed,1,0.01%
services,1,0.01%
Byside_tracking,1,0.01%
core_web_vitals,1,0.01%
I2BmodLoaded,1,0.01%
fizzmodLoaded,1,0.01%
before_gtm_event,1,0.01%
component_viewability,1,0.01%
aws_referrer_ready,1,0.01%
consent_mode_value_absent,1,0.01%
home_pageload,1,0.01%
user-id,1,0.01%
country,1,0.01%
registered-user,1,0.01%
page,1,0.01%
session_conversion,1,0.01%
DigiohDisplay,1,0.01%
main_data_layer,1,0.01%
Product Listing Page,1,0.01%
Experimentation,1,0.01%
view_item_list_ads,1,0.01%
ablfinish,1,0.01%
addinginCustomDimData,1,0.01%
pageType,1,0.01%
promoSlider,1,0.01%
init-cp,1,0.01%
productImpressions_send,1,0.01%
emailReady,1,0.01%
FundraiseUp.optimize.activate,1,0.01%
singular-loaded,1,0.01%
product listing,1,0.01%
dataLayerinitialized,1,0.01%
login,1,0.01%
timer_motivo,1,0.01%
dlvisit,1,0.01%
cricutCookieConsent,1,0.01%
gaClientId,1,0.01%
gaSessionId,1,0.01%
buttonClick,1,0.01%
enrichment_ready,1,0.01%
consent-ready,1,0.01%
initialDL,1,0.01%
monitoring_initialDL,1,0.01%
deviceCategoryKnown,1,0.01%
late_consent,1,0.01%
inbound_pageview,1,0.01%
userStatus,1,0.01%
cart_items_session,1,0.01%
bp_interaction,1,0.01%
gtm.timer_data_ready_fallback,1,0.01%
dynamic_remarketing,1,0.01%
cmpWidget:consentStatus,1,0.01%
esputnik,1,0.01%
CustomerData,1,0.01%
newsletter_signup_form_submitted,1,0.01%
consentToggle,1,0.01%
Videoly.initialize,1,0.01%
consent_given,1,0.01%
clique,1,0.01%
clean_page_view,1,0.01%
targetEventParams,1,0.01%
pageSpeed,1,0.01%
gtmUaEvent,1,0.01%
ga_home_page_view,1,0.01%
page_view_ta,1,0.01%
e_pageLoad,1,0.01%
cheq_threat_detection,1,0.01%
homeView_custom,1,0.01%
view_promotion_custom,1,0.01%
promoView_custom,1,0.01%
web_vitals_inp,1,0.01%
(no-set),1,0.01%
storeContextLoaded,1,0.01%
Check_DataLayers|'ev_points',1,0.01%
PageViewEvent,1,0.01%
iframe_failed,1,0.01%
iframe_success,1,0.01%
convert-trigger-experience-1004160831,1,0.01%
JqueryOk,1,0.01%
gtm.event.test,1,0.01%
gtm.custom.UTM_Fields_Ready,1,0.01%
meta_data,1,0.01%
showCookiehubDialog,1,0.01%
inPageAbTest,1,0.01%
bbTrackerVisitorReady,1,0.01%
checkout_gokwik,1,0.01%
js_form_submission,1,0.01%
X2NxXzM2ODgyX3Y=,1,0.01%
gtm.timer.ten.seconds,1,0.01%
product_impression,1,0.01%
google_analytics_script_fired,1,0.01%
aux-functions-ready,1,0.01%
microdata-functions-ready,1,0.01%
facebook-ready,1,0.01%
static_datalayer,1,0.01%
touchend,1,0.01%
ECC,1,0.01%
convert-trigger-experience-100253747,1,0.01%
convert-trigger-experience-100253758,1,0.01%
convert-trigger-experience-100253919,1,0.01%
Convert_Test_Tracking,1,0.01%
convert-trigger-experiment-100244653,1,0.01%
convert-trigger-experiment-100254009,1,0.01%
gtm.timer15,1,0.01%
dy-pr-rec,1,0.01%
dy-to-qm,1,0.01%
dl_route_change,1,0.01%
ExperienceImpression,1,0.01%
ProductClick,1,0.01%
dataLayer_clear,1,0.01%
view_item_list_enriched,1,0.01%
banner_displayed,1,0.01%
client-consent-update,1,0.01%
gtm-consent-updated,1,0.01%
braze_recommendation,1,0.01%
Segment Loaded,1,0.01%
brandpv,1,0.01%
gtm_page_viewed,1,0.01%
cta_click,1,0.01%
ACB_popup,1,0.01%
page_session_duration,1,0.01%
rvmp_page,1,0.01%
rvmp_terminales_cross_1,1,0.01%
rvmp_dom_ready,1,0.01%
rvmp_view_promotion,1,0.01%
VP_Data,1,0.01%
info_customer,1,0.01%
competitor,1,0.01%
GA4EC_ItemListView,1,0.01%
ecommerce,1,0.01%
GA4custom,1,0.01%
HJ_Pageview,1,0.01%
indoleads_all,1,0.01%
banner_impression,1,0.01%
error_captured,1,0.01%
utm,1,0.01%
cartContents,1,0.01%
kaleiReadyGTM,1,0.01%
ecomm.promo_view,1,0.01%
setCustomerIdEmarsys,1,0.01%
ga4_view_promotion,1,0.01%
6566-0002,1,0.01%
6566-0003,1,0.01%
datalayer_ecommerce_items_used,1,0.01%
alo_currentCartState,1,0.01%
bloomreach_page_view,1,0.01%
PrimeWidgets,1,0.01%
CategoryDetails,1,0.01%
consent.display,1,0.01%
userLoggedInStatus,1,0.01%
custom.navigation,1,0.01%
omni.geolocation,1,0.01%
realtime-newsession,1,0.01%
comportamental.omni.nao_geolocalizado.home.abriu.sessao.nao_aplicavel,1,0.01%
clear.datalayer.banner.property,1,0.01%
experimental.entrou.experimento.webShouldRenderWhatsAppAssistant.2,1,0.01%
comportamental.feature.system_response,1,0.01%
eec.promoClick,1,0.01%
comportamental.omni.nao_geolocalizado.category.visualizou.pagina.nao_aplicavel,1,0.01%
url changed,1,0.01%
url changed 2 seconds ago,1,0.01%
email-signup-impression,1,0.01%
account-join-impression,1,0.01%
cookie.banner.init,1,0.01%
customDefinitions,1,0.01%
gtm.pageloadtimer1,1,0.01%
gtm.pageloadtimer2,1,0.01%
gtm.pageloadtimer3,1,0.01%
gtm.pageloadtimer4,1,0.01%
gtm.pageloadtimer5,1,0.01%
gtm.pageloadtimer6,1,0.01%
gtm.pageloadtimer8,1,0.01%
gtm.pageloadtimer10,1,0.01%
cookie.consent.system.page.init,1,0.01%
data_ready,1,0.01%
gtm.timerEngagedVisit,1,0.01%
dynremReady,1,0.01%
clarityFired,1,0.01%
clarity_consent_given,1,0.01%
session_engagement_custom,1,0.01%
dataLayerOK,1,0.01%
page_event,1,0.01%
GAEvent,1,0.01%
user_data_ix,1,0.01%
After page rendered,1,0.01%
game_portlet_display,1,0.01%
app.webVitals,1,0.01%
gatsby-route-change,1,0.01%
app.routeChangeComplete,1,0.01%
XHR Listener,1,0.01%
product impressions,1,0.01%
product click,1,0.01%
session_ai_variant,1,0.01%
productAdv,1,0.01%
bot_start,1,0.01%
cart_content,1,0.01%
dynamic-remarketing,1,0.01%
afterWindow,1,0.01%
FidesInitialized,1,0.01%
FidesUIShown,1,0.01%
FidesUpdating,1,0.01%
FidesUpdated,1,0.01%
modal_displayed,1,0.01%
cordial.data,1,0.01%
page_info_id,1,0.01%
updateImpressions,1,0.01%
ga4_custom,1,0.01%
initial_data,1,0.01%
homepageSliderViews,1,0.01%
homepagePoductImpressions,1,0.01%
homepagecategoriesViews,1,0.01%
homepageServiceViews,1,0.01%
homepageDiscoverViews,1,0.01%
pvGeneral,1,0.01%
retail,1,0.01%
Imagino - Page Data,1,0.01%
Imagino - Event - product_list,1,0.01%
view_page_info,1,0.01%
15secs/2ndPageView,1,0.01%
articleData,1,0.01%
adBlockerDetected,1,0.01%
adBlock,1,0.01%
async-loading-complete,1,0.01%
domLoaded,1,0.01%
geoLocated,1,0.01%
view_cart,1,0.01%
History Change Update,1,0.01%
page_load_timings,1,0.01%
fbDL_view_item_list,1,0.01%
fw.scroll,1,0.01%
productPage,1,0.01%
EEC_view_promotion,1,0.01%
EEC_view_item_list,1,0.01%
track_experience,1,0.01%
category_hierarchy,1,0.01%
Homepage_Views,1,0.01%
delayAfterPageLoad,1,0.01%
filtro,1,0.01%
CookieManager.ProcessCookies,1,0.01%
NotifyGoogleAnalytics.BannerShown,1,0.01%
NotifyGoogleAnalytics.OnsiteAccept,1,0.01%
NotifyGoogleAnalytics.OffsiteAccept,1,0.01%
NotifyGoogleAnalytics.PerformanceAccept,1,0.01%
NotifyGoogleAnalytics.AddUserDataGranted,1,0.01%
NotifyGoogleAnalytics.AddPersonalisationGranted,1,0.01%
EventManager.CustomEvent,1,0.01%
promotionview,1,0.01%
ab_audience,1,0.01%
pageInfo,1,0.01%
userID,1,0.01%
categoryPageView,1,0.01%
gtm_category_view,1,0.01%
dynx_rmkt,1,0.01%
view_search_results,1,0.01%
page_load_v2,1,0.01%
user_session,1,0.01%
audienceSegment,1,0.01%
leadTime,1,0.01%
pageload_view,1,0.01%
Page Impression,1,0.01%
viewProducts,1,0.01%
initFlowbox,1,0.01%
google_remarketing,1,0.01%
All Page Tag,1,0.01%
Landing First,1,0.01%
pa_exec,1,0.01%
infra_view_item_list,1,0.01%
popup_view,1,0.01%
dynamic_remark,1,0.01%
Symplify - Personalization - 11322520,1,0.01%
Page Meta,1,0.01%
User Meta,1,0.01%
EEC - Item List Views,1,0.01%
custom.user.type,1,0.01%
adBlocker,1,0.01%
banner_update,1,0.01%
newsletter_popup_impressions,1,0.01%
set clientID,1,0.01%
cookieConsentGiven,1,0.01%
consent_done,1,0.01%
add_to_cart_ready,1,0.01%
attributionLab,1,0.01%
view_popup,1,0.01%
hktvEcomSliderImpression,1,0.01%
SearchResultPage,1,0.01%
hktvGApage,1,0.01%
hktvGAevent,1,0.01%
ecomProductImpression,1,0.01%
osano_script_blocked,1,0.01%
basketLoad,1,0.01%
analytics_consent,1,0.01%
personalization_consent,1,0.01%
marketing_consent,1,0.01%
essential_consent,1,0.01%
xlr8d--user-is-new,1,0.01%
exactag.ecomm.ready,1,0.01%
customerState,1,0.01%
gtm.start,1,0.01%
update_consent_state,1,0.01%
pageAttribution,1,0.01%
userBehavior,1,0.01%
userAttribution,1,0.01%
cookieSwitchDone,1,0.01%
wishlistAttribution,1,0.01%
basketAttribution,1,0.01%
cmp_consent_push,1,0.01%
cmp_update,1,0.01%
gaContentEvent,1,0.01%
spa,1,0.01%
gaTriggerEvent,1,0.01%
ad_page_load,1,0.01%
intelligent_start,1,0.01%
datalayer-loaded,1,0.01%
internalTraffic,1,0.01%
customer_loaded,1,0.01%
GDPR Pref Allows0,1,0.01%
modal_view,1,0.01%
GDPR Pref Allows1,1,0.01%
GDPR Pref Allows2,1,0.01%
YM_event,1,0.01%
ViewContent,1,0.01%
SessionInfo,1,0.01%
gatewayLegalAgeDisplay,1,0.01%
OneTrustGroupUpdated,1,0.01%
cookieSettings,1,0.01%
cookieModalDisplay,1,0.01%
sectionView,1,0.01%
livechatDisplayed,1,0.01%
cookieModalClick,1,0.01%
OptimizelyCheck,1,0.01%
cro-experiment-trigger,1,0.01%
pge_vw,1,0.01%
cartDetails,1,0.01%
userDetails,1,0.01%
LoginStatus,1,0.01%
internal promotion impression,1,0.01%
exponea_identity,1,0.01%
geoipReadyEvent,1,0.01%
custom.timer1,1,0.01%
custom.pvTimer1,1,0.01%
custom.timer2,1,0.01%
custom.pvTimer2,1,0.01%
custom.timer3,1,0.01%
custom.pvTimer3,1,0.01%
datalayerready,1,0.01%
ab_recos_a45de681-b8c1-473a-ae07-a4f68b782879,1,0.01%
piano_loaded,1,0.01%
fb-loaded,1,0.01%
iAdvizeChatNotification,1,0.01%
cookiesAccepted,1,0.01%
OneTrustCountry,1,0.01%
klaviyoEvent,1,0.01%
Demandbase_Loaded,1,0.01%
D&BDataReceived,1,0.01%
split_impression,1,0.01%
split_view_item_list,1,0.01%
firstInteraction,1,0.01%
ConsentUpdated,1,0.01%
tc-data-feed,1,0.01%
tc-pageview,1,0.01%
landingPageView,1,0.01%
cartView,1,0.01%
CCM19.embeddingAccepted,1,0.01%
CCM19.consentStateChanged,1,0.01%
click,1,0.01%
checkoutOption,1,0.01%
smarthint-hotsite,1,0.01%
linkwise_js_loaded,1,0.01%
ecomEvent,1,0.01%
appReady,1,0.01%
client_info,1,0.01%
client_agent,1,0.01%
customValues,1,0.01%
ablyft-viewed-experiment,1,0.01%
GeneralNonInteraction,1,0.01%
AkamaiTestGroup,1,0.01%
PerformanceNonInteraction,1,0.01%
@REACTPV_Homepage,1,0.01%
GAEventGenericTriggerNonInteraction,1,0.01%
GAEventGenericTriggerInteraction,1,0.01%
HPNonInteraction,1,0.01%
HPInteraction,1,0.01%
ecommerce_event,1,0.01%
custom_event,1,0.01%
eventControllerReady,1,0.01%
utm_parameters_captured,1,0.01%
usuario_identificado,1,0.01%
convert-trigger-experience-1004157166,1,0.01%
bubbiSendM3s,1,0.01%
page_info,1,0.01%
visitor_info,1,0.01%
gtm_cookie_consent_update,1,0.01%
Tijd_Event,1,0.01%
easyLoad,1,0.01%
localStorageDone,1,0.01%
global_information,1,0.01%
initialMeta,1,0.01%
addConsent,1,0.01%
ec.event,1,0.01%
ScrollTiming,1,0.01%
RivetedTiming,1,0.01%
currentWishlist,1,0.01%
eec.view_item_list,1,0.01%
page_load_ready,1,0.01%
InitGoogleConsentMode,1,0.01%
CookieConsentInitialize,1,0.01%
cookieconsent_necessary,1,0.01%
cookieconsent_statistics,1,0.01%
cookieconsent_functional_opt_out,1,0.01%
cookieconsent_marketing,1,0.01%
CookieConsentUpdate,1,0.01%
dataLayerStatus,1,0.01%
user,1,0.01%
website_version,1,0.01%
gaads_tag_loaded,1,0.01%
awin_base_tag_loaded,1,0.01%
ga4_tag_loaded,1,0.01%
ms_uet_base_tag_loaded,1,0.01%
bloomreach_base_tag_loaded,1,0.01%
rtb_base_tag_loaded,1,0.01%
insider_base_tag_loaded,1,0.01%
cookie_consent,1,0.01%
empty_cart,1,0.01%
axeptio_disable_zendesk,1,0.01%
axeptio_disable_gmaps,1,0.01%
axeptio_disable_matomo,1,0.01%
axeptio_disable_snapchat,1,0.01%
axeptio_disable_google_conversion_linker,1,0.01%
axeptio_disable_google_remarketing,1,0.01%
axeptio_disable_clarity,1,0.01%
axeptio_disable_typeform,1,0.01%
axeptio_disable_Elfsight,1,0.01%
axeptio_disable_Matomo,1,0.01%
axeptio_disable_Snapchat,1,0.01%
axeptio_disable_Google_Conversion_Linker,1,0.01%
axeptio_disable_GoogleRemarketing,1,0.01%
axeptio_disable_TypeForm,1,0.01%
visit_data,1,0.01%
pin_all,1,0.01%
retailAds_start,1,0.01%
doRemarketing,1,0.01%
default_consent_set,1,0.01%
update_consent_set,1,0.01%
cookie_popup_shown,1,0.01%
bt.afterInit,1,0.01%
bt.callback,1,0.01%
workspace_accessed,1,0.01%
cookies_set,1,0.01%
globale-popup-welcome,1,0.01%
isSearchPage,1,0.01%
facebookPageView,1,0.01%
fastr,1,0.01%
sqzly_cart_content,1,0.01%
loadUserData,1,0.01%
loadPageData,1,0.01%
cart_load,1,0.01%
geo,1,0.01%
flocktory,1,0.01%
consentBanner,1,0.01%
customerData,1,0.01%
axeptio_activate_google_conversion_linker,1,0.01%
axeptio_enable_google_conversion_linker,1,0.01%
axeptio_activate_meta,1,0.01%
axeptio_enable_meta,1,0.01%
axeptio_activate_tiktok,1,0.01%
axeptio_enable_tiktok,1,0.01%
axeptio_activate_Google_Conversion_Linker,1,0.01%
axeptio_enable_Google_Conversion_Linker,1,0.01%
axeptio_activate_TikTok,1,0.01%
axeptio_enable_TikTok,1,0.01%
qvisit,1,0.01%
timer_8seconds,1,0.01%
opt.home,1,0.01%
banner_view,1,0.01%
gsc.show,1,0.01%
pageViewFB,1,0.01%
ipAddress,1,0.01%
hashedDetails,1,0.01%
pdpCheck,1,0.01%
productDetailFB,1,0.01%
user_status,1,0.01%
carouselLoaded,1,0.01%
adwords_dynamic_remarketing,1,0.01%
nievent,1,0.01%
custom_didomi_update,1,0.01%
paEntry,1,0.01%
ajaxCustomerData,1,0.01%
eec.pageview,1,0.01%
SetUp,1,0.01%
amplitude_loaded,1,0.01%
hockeystack_loaded,1,0.01%
defaultData,1,0.01%
preload_data,1,0.01%
tcConsentChanged,1,0.01%
subscribe_view,1,0.01%
MiniCartLoad,1,0.01%
HomePageView,1,0.01%
page_view_mc,1,0.01%
gtm.formSubmit,1,0.01%
home_page_visit,1,0.01%
cookiehub_click_allow_all,1,0.01%
cookiehub_modified,1,0.01%
abTest,1,0.01%
PV,1,0.01%
add_to_queue_analytics,1,0.01%
view_start_page,1,0.01%
trlib_TLloaded,1,0.01%
trlib_CONSENTready,1,0.01%
vPageview,1,0.01%
ePageview,1,0.01%
trlib_DOMready,1,0.01%
dy_variation_impression,1,0.01%
contactRequest,1,0.01%
facebook_event_id_manual_setup,1,0.01%
er_eval,1,0.01%
e_dataLayerReady,1,0.01%
e_webvitals,1,0.01%
e_shadowDomClick,1,0.01%
gtm_batch_promo_impressions,1,0.01%
eec.productImpression,1,0.01%
fitit_button_view_item,1,0.01%
fitit_size_table_button_view_item,1,0.01%
moe_sdk_loaded,1,0.01%
eventTracker,1,0.01%
moe_page_view,1,0.01%
moe_plp_view,1,0.01%
slider_view,1,0.01%
cookie_consent_accepted,1,0.01%
motoView,1,0.01%
customer,1,0.01%
verify_isPDP,1,0.01%
ScrollPage,1,0.01%
cookie_acceptance,1,0.01%
category_navigation,1,0.01%
category_viewed,1,0.01%
globalVariables,1,0.01%
nuxtRoute,1,0.01%
nuxtAfterRender,1,0.01%
recommendation_widget,1,0.01%
random_first,1,0.01%
ipmeta_loaded,1,0.01%
promotionViewed,1,0.01%
custom.session.start,1,0.01%
view_esw_popup,1,0.01%
dl_head,1,0.01%
Viewed https://www.photoweb.fr/objet-personnalise Page,1,0.01%
Product List Viewed,1,0.01%
wp_page_view,1,0.01%
dl_internal_link,1,0.01%
InitializeKlaviyo,1,0.01%
iubenda_banner_closed,1,0.01%
custom_impressions,1,0.01%
apisearch_result_items,1,0.01%
general_params,1,0.01%
bot_detected,1,0.01%
botDetected,1,0.01%
legacy:productImpression,1,0.01%
shopify-consent-update,1,0.01%
custom_scroll,1,0.01%
cby.impression,1,0.01%
synerise_group,1,0.01%
minicartView,1,0.01%
visitorInfo,1,0.01%
eec_productDetail,1,0.01%
view_homepage,1,0.01%
10s,1,0.01%
Scala Event - Product,1,0.01%
ql_event,1,0.01%
OI_VISITOR_ID,1,0.01%
jsJqueryLoaded,1,0.01%
productDetailSwatchClicked,1,0.01%
productDetailSwatchSelected,1,0.01%
view_home_page,1,0.01%
webVitalsMeasurement,1,0.01%
custom_tiempo_menu,1,0.01%
gtm.userInfo,1,0.01%
gtm.productTileView,1,0.01%
pageData,1,0.01%
ZA_Campaigns,1,0.01%
sncc.initialise,1,0.01%
cmp.track,1,0.01%
sncc.update,1,0.01%
set_user,1,0.01%
consent_permissions_changed,1,0.01%
shelfList,1,0.01%
ec::view_item_list,1,0.01%
product,1,0.01%
tagRocketPintrkCommandPending,1,0.01%
tagRocketPintrkCommandSent,1,0.01%
tagRocketFbqCommandPending,1,0.01%
tagRocketFbqCommandSent,1,0.01%
tagRocketGtagCommandPending,1,0.01%
tagRocketGtagCommandSent,1,0.01%
tagRocketUetCommandPending,1,0.01%
tagRocketUetCommandSent,1,0.01%
tagRocketProductDataGathered,1,0.01%
tagRocketGetValue,1,0.01%
Page View,1,0.01%
statsig_config_loaded,1,0.01%
checkConsentFromOnetrust,1,0.01%
tealium_home_page,1,0.01%
eventIDGenerated,1,0.01%
Google_Consent : default,1,0.01%
digitaldataload,1,0.01%
Email and ID Event,1,0.01%
fw_embed_feed_thumbnail_load,1,0.01%
fw_embed_feed_impression,1,0.01%
fw_embed_feed_thumbnail_click,1,0.01%
fw_video_interactable_engaged_view,1,0.01%
consent_granted,1,0.01%
dynRmktParamsReady,1,0.01%
metaData,1,0.01%
sourcesStoreLoaded,1,0.01%
convert-trigger-experience-1004153661,1,0.01%
dimensionsWritten,1,0.01%
viewing_page,1,0.01%
cookie allow necessary,1,0.01%
virtualPagePath,1,0.01%
x-cache,1,0.01%
visitor,1,0.01%
axeptio_disable_SendinBlue,1,0.01%
axeptio_disable_sendinblue,1,0.01%
page_type_home,1,0.01%
fbcapievent,1,0.01%
productListing,1,0.01%
footerLoaded,1,0.01%
productList,1,0.01%
pageview with consent,1,0.01%
LocationRedirectPopupOpened,1,0.01%
change:slide,1,0.01%
home_slider,1,0.01%
UserNotLogin,1,0.01%
convert-trigger-experience-100254025,1,0.01%
ga-event,1,0.01%
collection,1,0.01%
gtm4wp.productImpressionEEC,1,0.01%
mappint_lib_ready,1,0.01%
mappint_ConsentReady,1,0.01%
basketUpdated,1,0.01%
page.user,1,0.01%
gaConfigFlag,1,0.01%
ecommerce:page,1,0.01%
uutmz,1,0.01%
marqoPixelReady,1,0.01%
ga_cid_ready,1,0.01%
Viewed Universal Audio | Audio Interfaces | UAD Plug-Ins Page,1,0.01%
Consent Preference Updated,1,0.01%
Session Started,1,0.01%
tenSecondsPassed,1,0.01%
checkcomplete,1,0.01%
impressionsGA4,1,0.01%
modalImpression,1,0.01%
changeProductImage,1,0.01%
CounterCookieUpdated,1,0.01%
td_impressionParse,1,0.01%
UV100_pageView,1,0.01%
check_impressions,1,0.01%
bwReady,1,0.01%
bw,1,0.01%
bebit,1,0.01%
promo-impression,1,0.01%
first_visit,1,0.01%
session_start,1,0.01%
view_content_list,1,0.01%
form_submit,1,0.01%
ux_scroll,1,0.01%
iframeDetection,1,0.01%
global_settings,1,0.01%
ec:impressions,1,0.01%
genericEvent,1,0.01%
cookieInteraction,1,0.01%
consent_preferences_ga4,1,0.01%
hash_checker,1,0.01%
convert-trigger-experiment-100413881,1,0.01%
initial_page_info,1,0.01%
evUTMParse,1,0.01%
productosensearchhome,1,0.01%
productosensearchother,1,0.01%
promo storage updated,1,0.01%
intelligems_test_gtm,1,0.01%
targeting],1,0.01%
ws_pageview,1,0.01%
setDocumentReferrer,1,0.01%
setLocalTime,1,0.01%
sessionLogicComplete,1,0.01%
announcement_bar_impression,1,0.01%
trackerReady,1,0.01%
facebookTrackerReady,1,0.01%
ipReturned,1,0.01%
web_OnboardingConfirm18_open,1,0.01%
view_promotion_for_new_users,1,0.01%
pageViewEvent,1,0.01%
trackEvent-customerJourney-product,1,0.01%
wknd_product_exclusion,1,0.01%
global_variables,1,0.01%
avacy_consent_update,1,0.01%
staging_page_viewed,1,0.01%
gar_page_view,1,0.01%
sp_event,1,0.01%
crossdomain_popup,1,0.01%
optanonConsentUpdated,1,0.01%
entaice_cat,1,0.01%
application_loaded,1,0.01%
pageEvent,1,0.01%
loadEvent,1,0.01%
systemEvent,1,0.01%
iubenda_consent_update,1,0.01%
sirdataNoConsent,1,0.01%
gtm_consent_update,1,0.01%
crm-form,1,0.01%
VirtualPageview,1,0.01%
navigation_engagement,1,0.01%
load_page,1,0.01%
maestro_video,1,0.01%
Onsite campaign shown,1,0.01%
convert-trigger-experiment-100327364,1,0.01%
convert-trigger-experiment-100340388,1,0.01%
convert-trigger-experiment-100343070,1,0.01%
SomeWebimEvent,1,0.01%
4p_page_view,1,0.01%
proteus_experiment_initialization,1,0.01%
proteus_experiment_pageview,1,0.01%
page_view_NM,1,0.01%
utm_persist,1,0.01%
OnlineChat_Automessage_shown,1,0.01%
Home page,1,0.01%
ecommerceEvent,1,0.01%
gtm_assistant_loaded,1,0.01%
admetrics_intent_1s,1,0.01%
ShoeAI Config,1,0.01%
ssm_init,1,0.01%
ssm_loaded_plugin,1,0.01%
ssm_initializeCookie,1,0.01%
SFrame Event Dimension,1,0.01%
SFrame User Dimension,1,0.01%
ssm_checkAddToCart,1,0.01%
ssm_config,1,0.01%
ssm_css,1,0.01%
ssm_addCookieItem,1,0.01%
listingView,1,0.01%
ee-productDetail,1,0.01%
ET_CMP_UPDATE,1,0.01%
geolocationDataReady,1,0.01%
im-ready,1,0.01%
set_ip2cinfo,1,0.01%
docodoco,1,0.01%
page_routing,1,0.01%
GDPRStatisticsAccepted,1,0.01%
GDPRMarketingAccepted,1,0.01%
roktInitialisationComplete,1,0.01%
Cookie Preferences Saved,1,0.01%
bl_event,1,0.01%
analyzify_cookie_status,1,0.01%
update_GCM,1,0.01%
autoEvent test,1,0.01%
ecom_interaction,1,0.01%
dl_view_item_list,1,0.01%
cmp_updated,1,0.01%
cmp_vp,1,0.01%
sessionStarted,1,0.01%
page_loads,1,0.01%
product list refreshed,1,0.01%
product list loaded,1,0.01%
navigation,1,0.01%
promotionImpressions,1,0.01%
ecommEvent,1,0.01%
acn_gtm_init,1,0.01%
productDetailView,1,0.01%
populateTemplateType,1,0.01%
crto_productpage,1,0.01%
registration_data,1,0.01%
cid_ready,1,0.01%
event,1,0.01%
ym_cid_ready,1,0.01%
window_fully_loaded,1,0.01%
AvitoPageview,1,0.01%
AvitoEvent,1,0.01%
Criteo.Data.Trigger,1,0.01%
concent_initializing,1,0.01%
concent_updating,1,0.01%
convert-trigger-experience-1004152160,1,0.01%
page_data,1,0.01%
page_view_aw,1,0.01%
view_item2,1,0.01%
Set products listed,1,0.01%
Category,1,0.01%
bbTrack,1,0.01%
Scroll-2page,1,0.01%
Prof. Scroll25,1,0.01%
Prof. Scroll40,1,0.01%
Prof. Scroll50,1,0.01%
cf_consent_microsoft__clarity,1,0.01%
cf_consent_facebook,1,0.01%
cf_consent_bing_ads,1,0.01%
cf_consent_google_analytics,1,0.01%
fireRemarketingTag_category,1,0.01%
tagRocketJavaScriptError,1,0.01%
bc_consent_update,1,0.01%
tagRocketConsentChanged,1,0.01%
ga4kit_info,1,0.01%
afterLoad_consent,1,0.01%
d_remark,1,0.01%
init_datalayer,1,0.01%
wcc_cookie_consent_update,1,0.01%
view_item-GTM,1,0.01%
info,1,0.01%
state_details,1,0.01%
convert-trigger-experience-1004161895,1,0.01%
user_information,1,0.01%
userId,1,0.01%
okendo_homepage_carousel_on_screen_timer,1,0.01%
IsoCountry init,1,0.01%
visibilityChange,1,0.01%
elementVisibility,1,0.01%
CookieScriptConsentUpdated[functionality,1,0.01%
eci_drc_trigger,1,0.01%
axeptio_activate_segment,1,0.01%
axeptio_enable_segment,1,0.01%
axeptio_activate_hotjar,1,0.01%
axeptio_enable_hotjar,1,0.01%
axeptio_activate_linkedin,1,0.01%
axeptio_enable_linkedin,1,0.01%
axeptio_activate_appvizer,1,0.01%
axeptio_enable_appvizer,1,0.01%
axeptio_activate_Identifie les visiteurs du réseau Gartner,1,0.01%
axeptio_enable_Identifie les visiteurs du réseau Gartner,1,0.01%
axeptio_activate_outil,1,0.01%
axeptio_enable_outil,1,0.01%
axeptio_activate_activecampaign,1,0.01%
axeptio_enable_activecampaign,1,0.01%
axeptio_activate_Linkedin,1,0.01%
axeptio_enable_Linkedin,1,0.01%
axeptio_activate_Appvizer,1,0.01%
axeptio_enable_Appvizer,1,0.01%
axeptio_activate_ActiveCampaign,1,0.01%
axeptio_enable_ActiveCampaign,1,0.01%
user_data_gtmeec,1,0.01%
view_form,1,0.01%
form_input,1,0.01%
Pageview,1,0.01%
vista_HomeOfertas,1,0.01%
vista_homeNuevosProductos,1,0.01%
dl_ga4_view_item_list,1,0.01%
remarketing,1,0.01%
clicked,1,0.01%
input_focused,1,0.01%
input_blurred,1,0.01%
mobapp,1,0.01%
